id;delivery_status;date_time;created_at;last_updated_at;created_by;last_updated_by
1;INIT;2019-06-28T09:43:04;2019-06-28T20:09:58;2019-06-28T17:42:21;Orchestrator deliver;Licensed hacking installation
2;INIT;2019-06-28T08:23:33;2019-06-28T14:48:42;2019-06-28T21:10:12;red firewall open-source;deposit Sausages
3;INIT;2019-06-28T12:46:35;2019-06-28T20:48:27;2019-06-28T11:20:52;azure;SMS Enhanced
4;INIT;2019-06-28T16:35:38;2019-06-28T16:16:53;2019-06-28T22:43:59;Executive;Customer Human deposit
5;INIT;2019-06-28T08:40:24;2019-06-28T07:27:45;2019-06-28T08:26:29;drive THX bypassing;Cheese Dynamic Home Loan Account
6;INIT;2019-06-28T06:25:48;2019-06-28T13:04:08;2019-06-28T05:37:31;clear-thinking;Latvia
7;INIT;2019-06-29T04:33:33;2019-06-28T23:17:56;2019-06-28T17:08:22;Fish;payment calculating
8;INIT;2019-06-28T16:46:53;2019-06-28T20:10:04;2019-06-28T13:43:16;Ergonomic;Strategist target
9;INIT;2019-06-28T13:30:38;2019-06-28T15:08:50;2019-06-28T12:56:20;CSS Re-contextualized;local Shoes
10;INIT;2019-06-28T22:17:01;2019-06-28T07:02:11;2019-06-28T07:47:21;back up Factors;architectures
