id;address_1;address_2;phone_1;phone_2;email;zip_code;city;district;default_address;created_at;last_updated_at;created_by;last_updated_by
1;Sports;24/365;Frozen;magenta Turkish Lira;Colby67@hotmail.com;96178;New Tremaynestad;Home Loan Account;false;2019-06-28T23:18:00;2019-06-28T17:52:22;Assurance Auto Loan Account cross-platform;indexing Handcrafted
2;Malta Auto Loan Account online;deposit Central African Republic;markets protocol Savings Account;Shoes HDD;Ernestina.Wolf@gmail.com;18746-0415;Lake Madalineberg;Designer;true;2019-06-29T04:28:43;2019-06-29T00:42:35;maroon;blue web-readiness white
3;Drives XSS interface;navigating Money Market Account array;Analyst Awesome Fresh Hat New Jersey;Clothing target;Schuyler_Metz42@yahoo.com;29529-3236;New Rocio;Customer-focused synthesize iterate;true;2019-06-29T12:00:18;2019-06-29T01:08:11;redefine;Shirt SDD
4;communities Refined;Pike Borders;payment Rustic;envisioneer Coordinator;Ruthie32@gmail.com;75139-2422;Binsview;interface;false;2019-06-29T08:13:45;2019-06-29T00:15:07;Cotton Forge New Mexico;port Pants Shirt
5;Credit Card Account;payment Spur;transmitter Passage SCSI;sky blue Steel;Wyatt53@gmail.com;90061;South Chelsieside;artificial intelligence;true;2019-06-29T02:17:07;2019-06-29T15:19:10;Shirt Architect Developer;Automotive
6;invoice;Minnesota Open-architected Lebanon;Tugrik Wooden;Plastic;Mckenzie73@gmail.com;19107-6142;Windlerville;Qatari Rial;true;2019-06-28T16:49:49;2019-06-28T17:38:48;Lek Bedfordshire;transmitting COM
7;Music Data East Caribbean Dollar;Savings Account Branding navigating;payment Incredible deposit;Checking Account utilisation AI;Sarina.Rolfson56@hotmail.com;71864;Hansenside;schemas Legacy SAS;false;2019-06-29T05:51:48;2019-06-28T19:27:50;embrace intranet deposit;migration
8;Investment Account Ohio;deliver Pine;Haiti;Advanced Awesome Rubber Mouse;Ludie.Mosciski50@hotmail.com;58958;Port Alden;leading-edge enable synthesize;true;2019-06-29T10:24:42;2019-06-29T03:30:39;Investment Account generate;synthesize capacitor Andorra
9;violet Outdoors deposit;Functionality invoice streamline;Applications;yellow Shoes;Desiree67@yahoo.com;98555;North Leonel;interface zero administration networks;false;2019-06-29T03:46:40;2019-06-29T11:58:11;Dong;haptic
10;card;multi-byte;Universal;supply-chains Licensed connecting;Alta.Leffler@yahoo.com;06685-8527;New Leonorville;next-generation Human;true;2019-06-29T07:50:07;2019-06-29T02:57:29;Seamless;object-oriented
